{"meta":{"title":"闲情记趣","subtitle":"Not a porter but a programmer","description":"","author":"BlueRhino","url":"http://bluerhino.github.io"},"pages":[{"title":"关于","date":"2017-12-17T10:58:02.000Z","updated":"2017-12-20T13:15:38.000Z","comments":false,"path":"about/index.html","permalink":"http://bluerhino.github.io/about/index.html","excerpt":"","text":"今天的风儿甚是喧嚣啊风中似有略略欲泣不祥的东西跟随风的足迹飘到了镇子里快走吧，在风停止之前然而猴王早已看穿了一切那边的薯片半价啊！"},{"title":"categories","date":"2017-12-17T10:52:25.000Z","updated":"2017-12-17T11:59:34.000Z","comments":false,"path":"categories/index.html","permalink":"http://bluerhino.github.io/categories/index.html","excerpt":"","text":""},{"title":"标签","date":"2017-12-17T11:59:01.000Z","updated":"2017-12-17T11:59:29.000Z","comments":false,"path":"tags/index.html","permalink":"http://bluerhino.github.io/tags/index.html","excerpt":"","text":""}],"posts":[{"title":"细谈重入锁ReentrantLock","slug":"细谈重入锁ReentrantLock","date":"2018-04-26T14:26:54.000Z","updated":"2018-04-26T14:29:03.000Z","comments":true,"path":"2018/04/26/细谈重入锁ReentrantLock/","link":"","permalink":"http://bluerhino.github.io/2018/04/26/细谈重入锁ReentrantLock/","excerpt":"概述在java.util.concurrent.locks.Lock详解一文中简单的描述了JDK中JUC包对于Lock接口的定义，并且简单的对比了Lock接口及Java关键字synchronized的异同。本文主要研究Lock接口的常用实现ReentrantLock，本文主要分为以下几部分： 什么是重入？ ReentrantLock的实现分析； Condition对象介绍； ReentrantLock性能分析； ReentrantLock使用场景； 总结。","text":"概述在java.util.concurrent.locks.Lock详解一文中简单的描述了JDK中JUC包对于Lock接口的定义，并且简单的对比了Lock接口及Java关键字synchronized的异同。本文主要研究Lock接口的常用实现ReentrantLock，本文主要分为以下几部分： 什么是重入？ ReentrantLock的实现分析； Condition对象介绍； ReentrantLock性能分析； ReentrantLock使用场景； 总结。 什么是重入？ReentrantLock通过类名称可顾名思义，由Reentrant及Lock两部分组成。Lock略去不谈，观察Reentrant单词可以简单将其拆为前缀re及主体entrant，即re：再，entrant：进入。显而易见重入就是再次进入的意思，在并发编程中具体指某线程已经获取了一个锁后，再次请求这个锁时可以获得该锁而不会阻塞。 具体示例在某线程递归调用某函数时较容易观察重入锁与非重入锁区别，如以下代码:123456789101112131415161718192021public class ReentrantLockTest &#123; private volatile int i = 20; public synchronized void callBack() &#123; if (i &gt; 0) &#123; i--; System.out.println(Thread.currentThread().getName() + \":\" + i); callBack(); &#125; else&#123; //将i重置 i = 20; &#125; &#125; public static void main(String[] args) &#123; ReentrantLockTest reentrantLockTest = new ReentrantLockTest(); reentrantLockTest.callBack(); &#125;&#125; callBack函数使用synchronized关键字进行同步控制，synchronized关键字可以确保同时只有一个线程可进入临界区，并且由于synchronized支持重入，故上面的代码可以正常运行（synchronized关键字实现原理以后再做补充）。 简单非重入锁现为Lock接口编写一个简单实现：12345678910111213141516171819202122232425262728293031public class BlueRhinoLock implements Lock &#123; private BlockingQueue&lt;Object&gt; blockingQueue = new LinkedBlockingQueue&lt;Object&gt;(1); public BlueRhinoLock() &#123; try &#123; this.blockingQueue.put(new Object()); &#125; catch (InterruptedException e) &#123; e.printStackTrace(); &#125; &#125; @Override public void lock() &#123; try &#123; blockingQueue.take(); &#125; catch (InterruptedException e) &#123; e.printStackTrace(); &#125; &#125; @Override public void unlock() &#123; try &#123; blockingQueue.put(new Object()); &#125; catch (InterruptedException e) &#123; e.printStackTrace(); &#125; &#125; //其他接口函数略 &#125; 简单起见，该锁基于BlockingQueue将capacity取值为1，实现了一个不可重入的排它锁。如以下代码：123456789101112131415161718192021222324public class ReentrantLockTest &#123; private volatile int i = 5; BlueRhinoLock blueRhinoLock = new BlueRhinoLock(); public void callBack() &#123; blueRhinoLock.lock(); if (i &gt; 0) &#123; i--; System.out.println(Thread.currentThread().getName() + \":\" + i); callBack(); &#125;else&#123; i = 5; &#125; blueRhinoLock.unlock(); &#125; public static void main(String[] args) &#123; ReentrantLockTest reentrantLockTest = new ReentrantLockTest(); for(int i =0 ;i&lt;2;i++)&#123; new Thread(() -&gt; reentrantLockTest.callBack()).start(); &#125; &#125;&#125; 此段代码不使用synchronized关键字而使用BlueRhinoLock进行同步控制，在任一线程运行到blueRhinoLock.lock();语句后获取锁，则所有其他线程需要在此等待。但由于本段代码中存在回调，同一线程会在回调callBack时再次运行到blueRhinoLock.lock();代码行时则由于无法获取锁进入等待，则形成由于锁不支持重入而形成死锁。运行结果为：12Thread-0:4//无法继续打印 简单重入锁为了解决以上死锁问题，需要对以上的简单锁进行改进使其支持重入。主要需要完成对于同一线程请求锁时，若当前线程已经拥有当前锁且没有释放的情况下，直接继续执行，根据以上思路配合使用ThreadLocall可以将代码修改为：123456789101112131415161718192021222324252627282930313233343536373839public static class BlueRhinoReentrantLock implements Lock &#123; private BlockingQueue&lt;Object&gt; blockingQueue = new LinkedBlockingQueue&lt;Object&gt;(1); private ThreadLocal&lt;Object&gt; threadLocal = new ThreadLocal&lt;&gt;(); public BlueRhinoReentrantLock() &#123; try &#123; this.blockingQueue.put(new Object()); &#125; catch (InterruptedException e) &#123; e.printStackTrace(); &#125; &#125; @Override public void lock() &#123; if(threadLocal.get() != null)&#123; return ; &#125; try &#123; Object o = blockingQueue.take(); threadLocal.set(o); &#125; catch (InterruptedException e) &#123; e.printStackTrace(); &#125; &#125; @Override public void unlock() &#123; Object o = threadLocal.get(); if(o == null)&#123; return; &#125; try &#123; blockingQueue.put(o); &#125; catch (InterruptedException e) &#123; e.printStackTrace(); &#125; &#125; &#125; 注意以上为测试代码，没有充分考虑安全性问题 以上代码使用ThreadLocal记录当前线程是否已经获取锁，解决了重入问题。调用代码为：123456789101112131415161718192021222324public class ReentrantLockTest &#123; private volatile int i = 5; BlueRhinoReentrantLock blueRhinoLock = new BlueRhinoReentrantLock(); public void callBack() &#123; blueRhinoLock.lock(); if (i &gt; 0) &#123; i--; System.out.println(Thread.currentThread().getName() + \":\" + i); callBack(); &#125;else&#123; i = 5; &#125; blueRhinoLock.unlock(); &#125; public static void main(String[] args) &#123; ReentrantLockTest reentrantLockTest = new ReentrantLockTest(); for(int i =0 ;i&lt;2;i++)&#123; new Thread(() -&gt; reentrantLockTest.callBack()).start(); &#125; &#125;&#125; 运行结果为：12345678910Thread-0:4Thread-0:3Thread-0:2Thread-0:1Thread-0:0Thread-1:4Thread-1:3Thread-1:2Thread-1:1Thread-1:0 ReentrantLock的实现分析总览以上代码简单演示了重入锁与非重入锁的区别，但是代码实现非常粗糙，本节主要深入到JDK8中ReentrantLock类的实现，学习生产级别的代码如何实现重入锁。JDK8中ReentrantLock代码包括注释为763行，作者为大神Doug Lea。其UML图为：通过UML可以看出与ReentrantLock与其相关类（接口）之间的重要关系： ReentrantLock实现了Lock接口（应该说是废话）； 抽象类Sync是ReentrantLock重要组成部分； FairSync及NonFairSync均继承于Sync； Sync继承抽象类了AbstractQueuedSynchronizer； AbstractQueuedSynchronizer继承了抽象类AbstractOwnableSynchronizer。 下文从一些重要的函数入手开始研究其实现。 重要函数构造函数ReentrantLock只有两个构造函数1234567public ReentrantLock() &#123; sync = new NonfairSync();&#125;public ReentrantLock(boolean fair) &#123; sync = fair ? new FairSync() : new NonfairSync();&#125; 构造函数均比较简单，都创建了一个Sync类型的实例变量，由于Sync是抽象类，实际创建的为其子类，默认为NonfairSync，在带boolean参数的构造函数中可以使用参数值指定创建NonfairSync或FairSync对象。源码中对于Sync的介绍为： Base of synchronization control for this lock. Subclassed into fair and nonfair versions below. Uses AQS state to represent the number of holds on the lock. 重点在于使用AQS（AbstractQueuedSynchronizer）记录锁的获取数量，由此可见AbstractQueuedSynchronizer为ReentrantLock实现提供了重要支持。在前面的文章深入AQS介绍了AQS相关技术。 lock函数lock函数为Lock接口的核心函数之一，在Lock接口中对于该函数的注释为: Acquires the lock.If the lock is not available then the current thread becomes disabled for thread scheduling purposes and lies dormant until the lock has been acquired. 在ReentrantLock的实现中对于Lock函数也有注释： Acquires the lock.Acquires the lock if it is not held by another thread and returns immediately, setting the lock hold count to one.If the current thread already holds the lock then the hold count is incremented by one and the method returns immediately.If the lock is held by another thread then the current thread becomes disabled for thread scheduling purposes and lies dormant until the lock has been acquired, at which time the lock hold count is set to one. 对比两段注释可见，都表明该函数主要功能为“获取锁”。在Lock接口中仅仅规定如果当前线程无法获取锁则进入无法调度的休眠状态直到获得锁。在ReentrantLock实现时细化了其实现细节，说明在当前线程获得锁后，将其锁计数器置为1，以后持有该锁的线程再次申请锁则将计数器加1并且立即返回，如当前线程无法获取锁则进入无法调度的休眠状态直道获取锁，并且在获取锁的同时将锁计数器置为1。现在具体看实现代码：123public void lock() &#123; sync.lock(); &#125; 可见直接调用了sync的lock函数，再进入lock函数进行研究。1abstract void lock(); sync的lock函数是一个抽象函数，在两个子类NonfairSync、FairSync中进行了不同实现，上一节构造函数中已经看见过这两个类了，分别代表非公平算法实现的同步器及公平算法实现的同步器，无参数构造函数默认创建的是非公平的同步器。 NonfairSync中的lock先考察NonfairSync中的lock函数：123456final void lock() &#123; if (compareAndSetState(0, 1)) setExclusiveOwnerThread(Thread.currentThread()); else acquire(1); &#125; 进入函数首先使用compareAndSetState函数进行设置，该函数实际是从AbstractQueuedSynchronizer类继承而来，其功能为使用CAS操作原子的设置对象中一个名为state的int型变量。如果实际值与期望值相等均为0，说明当前锁没有被持有，则直接将state设置为1，继续调用setExclusiveOwnerThread函数将当前锁的所有者设置为当前线程。如果实际值与期望值0不相等则说明当前锁已经被别的线程获取，需要使用acquire函数进行锁的获取，该函数仍然是从AbstractQueuedSynchronizer类继承而来其过程如下：根据流程图继续进行分析，进入acquire函数首先调用tryAcquire再次尝试获取锁，这是因为在线程从使用compareAndSetState设置state失败到当前时刻，原来占用锁的的线程可能已经释放了锁，如果这次尝试成功可以较大的减少将线程加入等待队列的性能消耗。根据前文深入AQS的介绍，tryAcquire函数是AQS类的成员函数，使用继承AQS类的方式实现同步器时需要在子类覆盖tryAcquire方法。在ReentrantLock中对于tryAcquire调用会根据当前锁是否公平锁，而最终调用NonfairSync或FairSync对象的tryAcquire方法。由于本处分析NonfairSync的lock函数，则继续查看NonfairSync的tryAcquire函数：123protected final boolean tryAcquire(int acquires) &#123; return nonfairTryAcquire(acquires); &#125; 其最终调用nonfairTryAcquire函数：123456789101112131415161718final boolean nonfairTryAcquire(int acquires) &#123; final Thread current = Thread.currentThread(); int c = getState(); if (c == 0) &#123; if (compareAndSetState(0, acquires)) &#123; setExclusiveOwnerThread(current); return true; &#125; &#125; else if (current == getExclusiveOwnerThread()) &#123; int nextc = c + acquires; if (nextc &lt; 0) // overflow throw new Error(\"Maximum lock count exceeded\"); setState(nextc); return true; &#125; return false; &#125; 该函数主要完成如下逻辑： 获取当前线程对象及当前锁的状态值； 如果当前锁的状态值为0，则说明当前没有线程获取锁，使用CAS方式设置锁的状态为acquires（根据上文参数，此处为1）；如果不为0说明已有线程获取了锁，直接跳转到第5步； 如果设置成功，说明获取锁成功，则直接将当前锁的排他所有者线程设置为当前线程（由于第二步CAS设置只可能有一个线程成功，此处代码不需要作临界区保护）； 如果设置不成功，说明同一时刻有其他线程调用compareAndSetState，并且获得成功，则当前线程竞争锁失败直接返回false； 当前状态值不为0，需要继续判断以获取锁的线程是不是当前线程： 如果是，说明当前是同一线程重入的获取锁，则将当前锁状态加acquires（根据上文参数，此处为1），之后锁状态如果溢出，抛出异常，否则将锁的状态设置为新的值，返回true； 如果不是，尝试获取锁失败，直接返回false 以上第5.1步逻辑是实现重入的关键代码。完成tryAcquire调用后，如果获取锁失败，则将当前线程封装为等待节点加入等待队列中。后续详细操作主要由AQS完成，可参考深入AQS。 FairSync中的lock继续研究FairSync中的lock123final void lock() &#123; acquire(1); &#125; 为方便比较将NonfairSync的lock拷贝下来：123456final void lock() &#123; if (compareAndSetState(0, 1)) setExclusiveOwnerThread(Thread.currentThread()); else acquire(1); &#125; 对比代码可见公平锁实现较非公平锁简单，其直接调用acquire函数，第一次放弃插队的机会。而acquire函数如上文分析，最开始会调用FairSync类实现的tryAcquire函数，其代码如下：12345678910111213141516171819protected final boolean tryAcquire(int acquires) &#123; final Thread current = Thread.currentThread(); int c = getState(); if (c == 0) &#123; if (!hasQueuedPredecessors() &amp;&amp; compareAndSetState(0, acquires)) &#123; setExclusiveOwnerThread(current); return true; &#125; &#125; else if (current == getExclusiveOwnerThread()) &#123; int nextc = c + acquires; if (nextc &lt; 0) throw new Error(\"Maximum lock count exceeded\"); setState(nextc); return true; &#125; return false; &#125; 对比非公平锁代码，其实现最大逻辑区别在于第五行，公平锁实现时，在当前锁没有被其他线程获取时，会判断当前等待队列是否有等待锁的线程，如果没有才会获取锁，否则直接返回失败，在此处第二次放弃插队机会，由此保证线程获取锁的顺序一定与申请锁的等待时间相同。 lockInterruptibly函数lockInterruptibly函数是前文lock函数的可中断版本，查看源代码123public void lockInterruptibly() throws InterruptedException &#123; sync.acquireInterruptibly(1); &#125; 该函数通过调用AQS类的acquireInterruptibly函数实现，继续查看源码：1234567public final void acquireInterruptibly(int arg) throws InterruptedException &#123; if (Thread.interrupted()) throw new InterruptedException(); if (!tryAcquire(arg)) doAcquireInterruptibly(arg);&#125; 该函数实现逻辑与lock函数调用的AQS类的lock函数基本相同，主要增加了对线程中断的判断。进入函数首先判断当前线程是否已经中断，中断后则直接抛出中断异常，停止获取锁。如果没有被中断，则调用tryAcquire尝试获取锁，如果获取锁失败则进入doAcquireInterruptibly函数，该函数代码如下：12345678910111213141516171819202122private void doAcquireInterruptibly(int arg) throws InterruptedException &#123; final Node node = addWaiter(Node.EXCLUSIVE); boolean failed = true; try &#123; for (;;) &#123; final Node p = node.predecessor(); if (p == head &amp;&amp; tryAcquire(arg)) &#123; setHead(node); p.next = null; // help GC failed = false; return; &#125; if (shouldParkAfterFailedAcquire(p, node) &amp;&amp; parkAndCheckInterrupt()) throw new InterruptedException(); &#125; &#125; finally &#123; if (failed) cancelAcquire(node); &#125; &#125; 对比lock函数调用的acquireQueued函数，主要区别在于第16行，如果在阻塞过程中被中断直接抛出中断异常到上层函数，并且取消当前等待节点。 tryLock函数tryLock函数尝试获取锁，与lock函数不同在于，该函数不阻塞，如果函数锁成功则返回true，否则直接返回false。 tryLock(long timeout, TimeUnit unit)函数该函数与lock函数逻辑相似，主要区别在于调用LockSupport工具类时使用parkNanos函数，指定等待时间。该函数在获取到锁或者达到过期时间时返回，获取锁则返回true，否则返回false。 unlock函数unlock函数用于释放锁，其调用syn.release函数，代码在AQS中实现:123456789public final boolean release(int arg) &#123; if (tryRelease(arg)) &#123; Node h = head; if (h != null &amp;&amp; h.waitStatus != 0) unparkSuccessor(h); return true; &#125; return false; &#125; 其逻辑为调用tryRelease函数释放锁，在释放成功后唤醒当前头结点的后续等待节点。tryRelease在AQS中没有具体实现，在ReentrantLock类的内部工具类Syn中实现，代码为：123456789101112protected final boolean tryRelease(int releases) &#123; int c = getState() - releases; if (Thread.currentThread() != getExclusiveOwnerThread()) throw new IllegalMonitorStateException(); boolean free = false; if (c == 0) &#123; free = true; setExclusiveOwnerThread(null); &#125; setState(c); return free; &#125; 逻辑为： 获取当前加锁状态，并将其减少releases(此处为1); 判断当前线程是否是获取锁的线程，如果当前线程没有获取锁则直接抛出异常; 若没有异常则需判断当前的加锁状态是否为0，此步与每次重入加锁状态加1对应，如果当前加锁状态已经为0，表示当前线程已经释放锁，则重新设置锁的持有线程为空，返回true，上文release函数不唤醒后续节点; 若加锁状态不为0，则更新加锁状态，返回false，上文release函数不唤醒后续节点。 newCondition函数该函数用于返回一个Condition接口实例，该类在AQS中有相关实现ConditionObject，由于ConditionObject为AQS非静态内部类，故通过调用newCondition函数创建的Condition接口实例会与当前的AQS对象自动关联起来（此处可参考非静态内部类特点）。对于Condition接口下一节再详细介绍。 Condition对象介绍Condition接口主要用于多线程加锁环境下，不同线程之间的协作。提供的核心方法为await及signal，语义为等待和通知。参考使用代码为：12345678910111213141516171819202122232425262728293031323334353637class BoundedBuffer &#123; final Lock lock = new ReentrantLock(); final Condition notFull = lock.newCondition(); final Condition notEmpty = lock.newCondition(); final Object[] items = new Object[100]; int putptr, takeptr, count; public void put(Object x) throws InterruptedException &#123; lock.lock(); try &#123; while (count == items.length) notFull.await(); items[putptr] = x; if (++putptr == items.length) putptr = 0; ++count; notEmpty.signal(); &#125; finally &#123; lock.unlock(); &#125; &#125; public Object take() throws InterruptedException &#123; lock.lock(); try &#123; while (count == 0) notEmpty.await(); Object x = items[takeptr]; if (++takeptr == items.length) takeptr = 0; --count; notFull.signal(); return x; &#125; finally &#123; lock.unlock(); &#125; &#125; &#125; 以上代码引用自JDK8的Condition注释，实现了一个简单的有界缓存。主要包括存和取两个函数，由于可能使用与多线程环境，类中定义了一个重入锁进行对象属性的包括，保证同一时刻最多仅有一个线程可对有界缓存进行操作。但在缓存使用过程中，可能出现存入对象时有界队列已满，或取对象时队列还是空这两种情况。当缓存在插入对象时，如队列已满则阻塞等待缓存有空间后继续插入；在读取对象时，如缓存为空则阻塞等待直到缓存有新的元素插入。为实现以上功能，该段代码使用了使用lock.newCondition()创建notFull，notEmpty两个Condition对象，分别表示当前缓存非满和非空，在线程满时调用notFull.await()阻塞等待，直到缓存有空间后调用notFull.signal()唤醒等待线程，notEmpty用法类似。那Condition对象是如何完成以上功能？与Object提供的wait及notify函数又有何区别？ Condition对象实现通过以上示例可以学习到Condition接口的两个主要函数的用法，现在通过观察其代码实现学习具体实现逻辑。 await函数实现本处查看AQS类中Condition接口的实现类ConditionObject中await函数的实现代码：123456789101112131415161718public final void await() throws InterruptedException &#123; if (Thread.interrupted()) throw new InterruptedException(); Node node = addConditionWaiter(); int savedState = fullyRelease(node); int interruptMode = 0; while (!isOnSyncQueue(node)) &#123; LockSupport.park(this); if ((interruptMode = checkInterruptWhileWaiting(node)) != 0) break; &#125; if (acquireQueued(node, savedState) &amp;&amp; interruptMode != THROW_IE) interruptMode = REINTERRUPT; if (node.nextWaiter != null) // clean up if cancelled unlinkCancelledWaiters(); if (interruptMode != 0) reportInterruptAfterWait(interruptMode); &#125; 通过以上代码发现该函数主要逻辑为：其中释放锁时相当于将当前节点从AQS的头节点移除。使用await需要注意需要在当前线程获取锁后再调用，否则在释放锁时会抛出IllegalMonitorStateException异常，且在增加等待队列时会调用unlinkCancelledWaiters函数，该函数并不是线程安全的，这也要求调用该函数时需要首先获取锁。另外在中断方面可以发现如果在Condition对象的等待队列中被中断，当前等待节点会从Condition对象的等待队列中被移除，但是仍然会将自己添加到AQS的等待队列中继续尝试获取锁。所以调用await函数后，即使等待线程被中断也不会立即抛出中断异常，仍然需要等到其获取到锁后才能根据不同中断处理模式进行中断处理。 signal函数实现此处仍然查看AQS类中ConditionObject中signal的实现代码1234567public final void signal() &#123; if (!isHeldExclusively()) throw new IllegalMonitorStateException(); Node first = firstWaiter; if (first != null) doSignal(first); &#125; 代码首先调用isHeldExclusively函数判断当前线程是否排他的持有当前锁，如果不存在则直接抛出IllegalMonitorStateException异常。如果持有锁则调用doSignal函数：12345678private void doSignal(Node first) &#123; do &#123; if ( (firstWaiter = first.nextWaiter) == null) lastWaiter = null; first.nextWaiter = null; &#125; while (!transferForSignal(first) &amp;&amp; (first = firstWaiter) != null); &#125; 此段代码逻辑也比较简单，首先将ConditionObject的等待节点的头结点设置为待转移节点的后续节点，调用transferForSignal方法将待转移节点附到AQS等待队列的队尾。这里需要注意的是transferForSignal函数的实现：12345678910111213141516171819final boolean transferForSignal(Node node) &#123; /* * If cannot change waitStatus, the node has been cancelled. */ if (!compareAndSetWaitStatus(node, Node.CONDITION, 0)) return false; /* * Splice onto queue and try to set waitStatus of predecessor to * indicate that thread is (probably) waiting. If cancelled or * attempt to set waitStatus fails, wake up to resync (in which * case the waitStatus can be transiently and harmlessly wrong). */ Node p = enq(node); int ws = p.waitStatus; if (ws &gt; 0 || !compareAndSetWaitStatus(p, ws, Node.SIGNAL)) LockSupport.unpark(node.thread); return true;&#125; 该函数首先将节点状态从Node.CONDITION设置为无状态，如果当前状态不为Node.CONDITION则返回上层函数，继续设置下一个节点。将节点设置为无状态后将其加入AQS等待队列，并且判断前置节点状态，如果前置节点已经被取消，则唤醒当前节点中阻塞的线程。根据Condition实现可知，当前节点阻塞的线程必然在await函数的LockSupport.park(this)行阻塞，如果发现其前驱节点已经取消则直接唤醒该线程，此处需要注意唤醒此线程并不会让该线程直接获取锁，该线程仍然需要等待获取锁。对于Condition对象的其他函数核心实现逻辑相似，不在赘述。 对比Object的wait及notify函数根据上文分析Condition类的await及signal函数与Object类的wait及notify功能似乎非常类似，此处进行两种实现的对比。 函数名称 所属类或接口 功能 使用条件 wait Object 阻塞等待其他线程调用notify 需要先使用synchronized获取调用对象的锁 notify Object 使被wait阻塞的线程进度调度 需要先使用synchronized获取调用对象的锁 await Condition 阻塞等待其他线程调用signal 需要先获取Condition对象关联的锁对象代表的锁 signal Condition 使被await阻塞的线程进度调度 需要先获取Condition对象关联的锁对象代表的锁 直接查看发现以上两种线程间交互方式似乎没有明显不同，但在使用中await及notify方式明细较为灵活，因为一个Lock对象可以创建多个Condition对象用于说明在同一互斥资源上不同的等待条件，如上文BoundedBuffer缓存示例代码，如果使用wait配合synchronized进行实现，则必须同时唤醒插入及读取队列，并且根据判断，总有一个函数需要继续阻塞等待，效率及灵活性都较差。 ReentrantLock性能分析本文没有针对重入锁性能进行深入测试，参考《Java并发编程实战》一书总结如下：ReentrantLock与内置锁synchronized在JAVA6之后性能差距不大。ReentrantLock锁的公平实现高并发性能明显低于非公平实现，针对代码分析，造成这种原因在于公平锁在高度竞争条件下几乎所有线程都会经过排队及上下文切换（即经过park函数阻塞及unpark函数唤醒），而非公平锁由于可能存在插队的情况，线程上下文切换次数明显少于公平锁，这是是的非公平锁性能更好的主要原因。 ReentrantLock使用场景ReentrantLock提供比内置锁更灵活的加锁方式，在JCU包中有较多应用。随着synchronized的性能优化，在简单加锁情况下，还是优选synchronized关键字，其使用简单且不需要显示释放，使用出错的几率较低。如果需要灵活的加锁策略（如上文有界缓存示例类）或需要超时机制等可以考虑使用重入锁，当需要尤其注意需要释放锁，推荐在finally代码块中释放锁，保证正常异常情况都能成功释放。 总结本文在代码层面详细分析了重入锁主要函数实现，ReentrantLock实现了较为灵活的重入锁，对比内置synchronized关键字，不仅提供常规的加锁解锁操作，也提供了非阻塞获取锁及超时时间内获取锁的方法，并且通过Conditon对象提供灵活的线程间通信方式。但其使用比synchronized关键字复杂，且不能自动释放，且随着synchronized关键字性能的提升，故在只需要简单加锁时仍推荐使用synchronized关键字，在需要灵活的加锁策略时考虑使用ReentrantLock","categories":[{"name":"Java","slug":"Java","permalink":"http://bluerhino.github.io/categories/Java/"},{"name":"并发","slug":"Java/并发","permalink":"http://bluerhino.github.io/categories/Java/并发/"}],"tags":[{"name":"Java","slug":"Java","permalink":"http://bluerhino.github.io/tags/Java/"},{"name":"并发","slug":"并发","permalink":"http://bluerhino.github.io/tags/并发/"},{"name":"重入锁","slug":"重入锁","permalink":"http://bluerhino.github.io/tags/重入锁/"}]},{"title":"深入AQS","slug":"深入AQS","date":"2018-04-07T03:31:54.000Z","updated":"2018-04-15T04:39:25.000Z","comments":true,"path":"2018/04/07/深入AQS/","link":"","permalink":"http://bluerhino.github.io/2018/04/07/深入AQS/","excerpt":"简介AbstractQueuedSynchronizer一般简称AQS，是位于JUC包中的重要工具类，包括ReentrantLock、CountDownLatch等众多提供阻塞方法的类都是基于AQS进行编写的，理解AQS对于理解JUC包中许多类的实现都有极大的帮助。本文通过阅读AQS源码的方式，学习AQS实现的原理及技巧。下文主要包括以下几方面： AQS总览； AQS主要功能； 使用示例-排它锁","text":"简介AbstractQueuedSynchronizer一般简称AQS，是位于JUC包中的重要工具类，包括ReentrantLock、CountDownLatch等众多提供阻塞方法的类都是基于AQS进行编写的，理解AQS对于理解JUC包中许多类的实现都有极大的帮助。本文通过阅读AQS源码的方式，学习AQS实现的原理及技巧。下文主要包括以下几方面： AQS总览； AQS主要功能； 使用示例-排它锁 AQS总览AQS在java.util.concurrent.locks包中，其UML图为：可见AQS继承于AbstractOwnableSynchronizer,并且其实现中包含了Node及ConditionObject两个内部类。AbstractOwnableSynchronizer类功能较为简单，不包括构造函数外只提供了两个方法：setExclusiveOwnerThread及getExclusiveOwnerThread，用于设置和获取当前对象所属的线程，需要注意在设置及获取当前对象所属线程时，该类并没有加锁使用时需要调用人员自行保证数据的一致性。 AQS主要功能AQS类的文档中说明其主要作用为： Provides a framework for implementing blocking locks and related synchronizers (semaphores, events, etc) that rely on first-in-first-out (FIFO) wait queues. 简单说来就是提供一个实现基于FIFO队列的阻塞锁的框架，在使用中一般推荐继承AQS并实现以下几个方法完成同步逻辑： tryAcquire：线程尝试以排他方式获取锁； tryRelease：线程调用该方法释放排他锁； tryAcquireShared：线程尝试以共享方式获取锁； tryReleaseShared：线程调用该方法释放共享锁； isHeldExclusively：锁是否被排他方式占用 以上几个方法在AQS中均为进行实现，直接调用会抛出UnsupportedOperationException异常，需要子类根据自己的需求实现对应方法。文字描述较为抽象，通过学习AQS文档中自带的代码深入学习 使用示例-排它锁以下代码引用自JDK8中的AQS类注释 1234567891011121314151617181920212223242526272829303132333435363738394041424344454647484950515253545556class Mutex implements Lock, java.io.Serializable &#123; // Our internal helper class private static class Sync extends AbstractQueuedSynchronizer &#123; // Reports whether in locked state protected boolean isHeldExclusively() &#123; return getState() == 1; &#125; // Acquires the lock if state is zero public boolean tryAcquire(int acquires) &#123; assert acquires == 1; // Otherwise unused if (compareAndSetState(0, 1)) &#123; setExclusiveOwnerThread(Thread.currentThread()); return true; &#125; return false; &#125; // Releases the lock by setting state to zero protected boolean tryRelease(int releases) &#123; assert releases == 1; // Otherwise unused if (getState() == 0) throw new IllegalMonitorStateException(); setExclusiveOwnerThread(null); setState(0); return true; &#125; // Provides a Condition Condition newCondition() &#123; return new ConditionObject(); &#125; // Deserializes properly private void readObject(ObjectInputStream s) throws IOException, ClassNotFoundException &#123; s.defaultReadObject(); setState(0); // reset to unlocked state &#125; &#125; // The sync object does all the hard work. We just forward to it. private final Sync sync = new Sync(); public void lock() &#123; sync.acquire(1); &#125; public boolean tryLock() &#123; return sync.tryAcquire(1); &#125; public void unlock() &#123; sync.release(1); &#125; public Condition newCondition() &#123; return sync.newCondition(); &#125; public boolean isLocked() &#123; return sync.isHeldExclusively(); &#125; public boolean hasQueuedThreads() &#123; return sync.hasQueuedThreads(); &#125; public void lockInterruptibly() throws InterruptedException &#123; sync.acquireInterruptibly(1); &#125; public boolean tryLock(long timeout, TimeUnit unit) throws InterruptedException &#123; return sync.tryAcquireNanos(1, unit.toNanos(timeout)); &#125; &#125; 该类实现了一个互斥锁，实现了Lock接口，在实现过程中主要通过调用内部类Sync的对象sync完成相关工作。重点观察Sync，Sync继承了了AbstractQueuedSynchronizer，并实现了上文提到的5个方法中的3个，即isHeldExclusively、tryAcquire及tryRelease三个方法。 加锁过程当前线程调用lock方法请求锁时，实际上是调用了AQS的acquire函数，该函数代码为： 12345public final void acquire(int arg) &#123; if (!tryAcquire(arg) &amp;&amp; acquireQueued(addWaiter(Node.EXCLUSIVE), arg)) selfInterrupt(); &#125; 而该函数流程为： tryAcquire函数实现其中tryAcquire函数为示例类Mutex实现， 根据以上代码该函数实现时调用compareAndSetState函数。其功能为使用CAS操作原子的设置对象中一个名为state的int型变量，传入两个int类型参数，分别为预期值及设置后的值，流程如下： compareAndSetState是AQS关键函数之一，查看compareAndSetState源码：1234protected final boolean compareAndSetState(int expect, int update) &#123; // See below for intrinsics setup to support this return unsafe.compareAndSwapInt(this, stateOffset, expect, update); &#125; 从代码可以发现compareAndSetState最终调用了sun.misc.Unsafe类的compareAndSwapInt方法，该函数可以原子性的设置属性，保证线程安全，该方法前两个参数分别为对象地址及偏移量，对象地址执行需要修改的对象，偏移量指定需要修改的整数类型数据在该对象中的内存地址，该函数实现是在Native方法中实现，查看该方法在OpenJdk9中的实现为(代码在：hotspot/src/share/vm/primsunsafe.cpp中)： 123456UNSAFE_ENTRY(jint, Unsafe_CompareAndExchangeInt(JNIEnv *env, jobject unsafe, jobject obj, jlong offset, jint e, jint x)) &#123; oop p = JNIHandles::resolve(obj); jint* addr = (jint *) index_oop_from_field_offset_long(p, offset); return (jint)(Atomic::cmpxchg(x, addr, e));&#125; UNSAFE_END 其中主要为调用Atomic::cmpxchg方法，该方法在不同平台实现略有不同，以下为mac平台实现： 12345678inline jint Atomic::cmpxchg (jint exchange_value, volatile jint* dest, jint compare_value, cmpxchg_memory_order order) &#123; int mp = os::is_MP(); __asm__ volatile (LOCK_IF_MP(%4) \"cmpxchgl %1,(%3)\" : \"=a\" (exchange_value) : \"r\" (exchange_value), \"a\" (compare_value), \"r\" (dest), \"r\" (mp) : \"cc\", \"memory\"); return exchange_value;&#125; 以下为windows实现： 1234567891011inline jint Atomic::cmpxchg (jint exchange_value, volatile jint* dest, jint compare_value, cmpxchg_memory_order order) &#123; // alternative for InterlockedCompareExchange int mp = os::is_MP(); __asm &#123; mov edx, dest mov ecx, exchange_value mov eax, compare_value LOCK_IF_MP(mp) cmpxchg dword ptr [edx], ecx &#125;&#125; 可见其中主要使用了c++代码中嵌入汇编代码的方式实现，并且使用宏LOCK_IF_MP判断是否为多核处理器，在是多核处理时会增加lock操作。到当前代码依然可以使用汇编的视角进行语句分析，本文在此就略去，不过有一点小细节可见在windows实现时使用了dword关键字，可见Java整形数据在内存中的确使用了32位进行存储。返回对于acquire函数的研究，调用了tryAcquire后，具有两种情况： 获取锁成功（将值从0设置为1）：tryAcquire函数继续调用setExclusiveOwnerThread函数将锁的所有者线程设置为当前线程，并返回true，注意此处有之前调用compareAndSetState函数，表明只可能有设置值成功的线程可调用setExclusiveOwnerThread函数，故可保证线程安全。 获取锁失败（期望设置的值不为0或设置时失败）：tryAcquire函数直接返回false。 在tryAcquire函数直接返回true后acquire函数不继续判断直接返回，则最上层的lock函数执行完毕，线程完成锁的申请，继续执行后续代码。tryAcquire函数直接返回false后，继续执行acquireQueued函数。 acquireQueued函数tryAcquire函数核心为尝试将state充0设置为1，在两种情况下可能返回失败： state已经不为0：已有其他线程获取锁； state为0：但同时多个线程同时调用compareAndSwapInt，当前线程竞争失败。 无论以上何种失败，在tryAcquire函数无法获取锁的情况下，继续进行acquireQueued函数函数的调用。在调用acquireQueued之前，函数会调用addWaiter将当前线程封装为节点对象，由于调用acquire函数获取的是排它锁，故调用addWaiter函数时传入创建节点类型为Node.EXCLUSIVE，addWaiter代码如下：1234567891011121314private Node addWaiter(Node mode) &#123; Node node = new Node(Thread.currentThread(), mode); // Try the fast path of enq; backup to full enq on failure Node pred = tail; if (pred != null) &#123; node.prev = pred; if (compareAndSetTail(pred, node)) &#123; pred.next = node; return node; &#125; &#125; enq(node); return node; &#125; 完成如下功能： 将当前线程封装到Node对象中； 获取当前AQS对象中等待队列的尾节点； 如果当前尾节点不为空：a. 将新建节点的前置节点指向当前尾节点；b. 尝试使用compareAndSetTail函数原子性的将当前AQS对象的尾节点指向新建节点，若指向成功，将原尾节点的后续节点指向新建节点，返回新建节点对象，由于compareAndSetTail函数保证有且只有一个线程能够设置成功，则后续pred.next = node语句能在逻辑上保证线程安全；c. 若设置失败，继续调用enq(node)函数进行自旋. 如当前尾节点不存在或希望更新尾节点时失败，继续调用enq(node)函数。 enq(node)函数主要使用自旋循环CAS方式更新当前队列的尾节点（在首次初始化时会将新建一不携带任何逻辑信息的头结点），此处不再详细展开。完成addWaiter代码的调用后，保证当前封装当前线程的等待节点已经插入等待队列队尾，此时开始真正调用acquireQueued函数，其代码为：123456789101112131415161718192021final boolean acquireQueued(final Node node, int arg) &#123; boolean failed = true; try &#123; boolean interrupted = false; for (;;) &#123; final Node p = node.predecessor(); if (p == head &amp;&amp; tryAcquire(arg)) &#123; setHead(node); p.next = null; // help GC failed = false; return interrupted; &#125; if (shouldParkAfterFailedAcquire(p, node) &amp;&amp; parkAndCheckInterrupt()) interrupted = true; &#125; &#125; finally &#123; if (failed) cancelAcquire(node); &#125;&#125; 根据代码分析： 取出刚加入队列的节点的前置节点，若前置节点为头结点则再次尝试获取锁，这么做的原因是在刚才获取锁失败到当前时刻，排在现在节点之前的等待节点可能被其他线程移除； 如获取锁成功，将当前节点设置为头结点，在设置时，需要将当前节点指向的线程及前置节点的属性都置为null，以帮助GC有机会快速收回不可达对象，之后进入finally块，最后返回false； 如果获取锁失败开始调用shouldParkAfterFailedAcquire函数 调用shouldParkAfterFailedAcquire函数需要传入参数包括当前节点及当前节点的前置结点，其逻辑如下：shouldParkAfterFailedAcquire函数在前置节点状态不为Node.SIGNAL的状态下主要完成两件事：移除队列中所有状态值大于0的节点（如被取消的节点）；将前置节点状态设置为Node.SIGNAL。继续acquireQueued函数的分析，在调用shouldParkAfterFailedAcquire函数后，若shouldParkAfterFailedAcquire返回false，则继续刚才的循环，知道获取锁或shouldParkAfterFailedAcquire函数返回true。由于前一次的函数调用将前置节点状态置为了Node.SIGNAL，再次调用shouldParkAfterFailedAcquire大概率情况下会返回true。当shouldParkAfterFailedAcquire函数返回true后，acquireQueued函数继续调用parkAndCheckInterrupt函数。1234private final boolean parkAndCheckInterrupt() &#123; LockSupport.park(this); return Thread.interrupted(); &#125; 该函数使用到了Jdk(从1.6开始)中提供的工具类方法LockSupport.park(this)，代码为：123456public static void park(Object blocker) &#123; Thread t = Thread.currentThread(); setBlocker(t, blocker); UNSAFE.park(false, 0L); setBlocker(t, null); &#125; 该函数作用设置当前线程的阻塞对象，并且调用UNSAFE.park(false, 0L)函数将当前线程设置为阻塞状态，让出CPU。UNSAFE.park函数在JVM的native方法中实现，查看JVM源码在Linux平台该函数最终主要使用了pthread_cond_wait及pthread_cond_signal两个函数进行线程的阻塞和唤醒，其中具体实现本文不再赘述。此处需要注意理论上pthread_cond_signal函数的调用仅仅会唤醒一个线程，不会出现惊群现象（即同时唤醒多个线程），但是在某些平台可能无法完全保证，所以LockSupport.park函数说明了三种停止阻塞并继续执行的情况： Some other thread invokes unpark with the current thread as the target; Some other thread interrupts the current thread; The call spuriously (that is, for no reason) returns. 其中第三种情况就可能是由惊群现象所引起。但由于本文中acquireQueued函数使用死循环的方式进行了判断，即使线程被意外唤醒，也可以再次判断其锁的状态，在无法获取锁的情况下会再次阻塞，不会出现逻辑问题。在执行了UNSAFE.park函数后，当前线程进入阻塞状态，不再占用CPU资源(此处的线程调度可参考操作系统相关实现)。当前当前线程被唤醒后从LockSupport.park函数返回，并且通过Thread.interrupted()返回当前线程中断状态。之后继续在循环中继续判断是获取锁还是继续阻塞。这里需要注意由于acquireQueued并没有处理中断，其只会在正常获取锁后返回当前线程是否是由于中断被唤醒的，所以使用acquireQueued获取锁的线程不会因为中断而停止锁的获取。最后如果在获取锁的过程出现异常，则会调用cancelAcquire(node)函数，cancelAcquire函数执行以下逻辑： 将当前节点指向的线程置为空； 设置指向前置节点的引用，跳过所有已经被取消的前驱节点； 将当前节点的状态置为已取消状态； 如果当前节点是尾节点，原子性的设置当前节点的前置节点为尾节点，并且将前置节点的后驱节点置为空； 如果当前节点不是尾节点，则判断当前节点的前置节点是不是头结点且前置节点状态为Node.SIGNAL则将前置节点的后置节点置为当前节点的后置置节点，否则调用unparkSuccessor函数唤醒后置节点。 锁获取总结到此为止通过分析acquire函数的实现，完成了Mutex类lock函数的实现的分析。在获取锁的过程中主要使用AQS相关功能，通过维护等待队列的方式完成线程的阻塞及唤醒。Mutex类是AQS注释中的示例类，不能应用在实际生产环境中，如以上加锁过程没有考虑重入问题，生产环境使用可能出现递归调用死锁问题 解锁过程在线程执行完成临界区代码（或出现异常退出临界区时）需要调用unlock函数进行解锁以让出排他锁。通过对于示例代码的分析，解锁函数实际使用sync.release函数进行，该函数代码为：123456789public final boolean release(int arg) &#123; if (tryRelease(arg)) &#123; Node h = head; if (h != null &amp;&amp; h.waitStatus != 0) unparkSuccessor(h); return true; &#125; return false; &#125; 为了方便观察，将tryRelease函数也展示出来： 1234567protected boolean tryRelease(int releases) &#123; assert releases == 1; // Otherwise unused if (getState() == 0) throw new IllegalMonitorStateException(); setExclusiveOwnerThread(null); setState(0); return true;&#125; 解锁函数较为简单，当前的Mutex类假设使用锁的代码都是按照先加锁再解锁的顺序进行执行，所以在此情况下能保证同一时刻有且只有一个线程能够执行unlock函数，故解锁过程非常简单且不需要同步： 获取锁的状态，如果锁的状态为0，则表示目前没有加锁，抛出异常； 将当前锁记录的拥有锁的线程置为空； 将锁的状态置为0； 获取当前等待队列头结点，如头结点不为空且其等待状态不为0则唤醒头结点的后置节点 到此则释放锁的过程结束。Mutex类是AQS注释中的示例类，不能应用在实际生产环境中，如以上解锁过程就没有判断当前解锁的线程是不是已经得到锁的线程，这在生产环境中可能出现未知的问题 排它锁总结本节分析了使用AQS进行实现互斥锁的方法，并深入AQS代码分析其实现原理。重点分析其加锁及解锁过程，其他锁方法类似，本处不在赘述。针对其他重要方法、共享锁及Condition类的分析后续结合JCU包中关联类进行。","categories":[{"name":"Java","slug":"Java","permalink":"http://bluerhino.github.io/categories/Java/"},{"name":"并发","slug":"Java/并发","permalink":"http://bluerhino.github.io/categories/Java/并发/"}],"tags":[{"name":"Java","slug":"Java","permalink":"http://bluerhino.github.io/tags/Java/"},{"name":"并发","slug":"并发","permalink":"http://bluerhino.github.io/tags/并发/"},{"name":"AbstractQueuedSynchronizer","slug":"AbstractQueuedSynchronizer","permalink":"http://bluerhino.github.io/tags/AbstractQueuedSynchronizer/"},{"name":"AQS","slug":"AQS","permalink":"http://bluerhino.github.io/tags/AQS/"}]},{"title":"微信小程序采坑记录","slug":"微信小程序采坑记录","date":"2018-03-04T03:40:01.000Z","updated":"2018-03-05T11:31:14.000Z","comments":true,"path":"2018/03/04/微信小程序采坑记录/","link":"","permalink":"http://bluerhino.github.io/2018/03/04/微信小程序采坑记录/","excerpt":"微信小程序采坑记录最近在学习微信小程序开发，本文用于记录开发中踩得坑","text":"微信小程序采坑记录最近在学习微信小程序开发，本文用于记录开发中踩得坑 scroll-view删除坑情景重现在列表中使用scroll-view，使用wx:for指令进行渲染，每一行为一个scroll-view，在右侧增加删除功能，日常显示如下：使用向左滑动后展示如下：这是点击删除按钮，js使用setData更新列表数据，预期为删除本行，下三行自动上移，但实际情况却是下三行自动上移，但其中第一行却是滑动后状态，具体如图： 问题解决（临时措施）在scroll-view中有一个scroll-left属性可以设置，目前解决方案为每次更新重新设置scroll-left为0。","categories":[{"name":"微信小程序","slug":"微信小程序","permalink":"http://bluerhino.github.io/categories/微信小程序/"}],"tags":[{"name":"微信小程序","slug":"微信小程序","permalink":"http://bluerhino.github.io/tags/微信小程序/"},{"name":"踩坑","slug":"踩坑","permalink":"http://bluerhino.github.io/tags/踩坑/"}]},{"title":"JAVA栈溢出","slug":"JAVA栈溢出","date":"2018-01-14T12:01:21.000Z","updated":"2018-02-24T03:39:49.000Z","comments":true,"path":"2018/01/14/JAVA栈溢出/","link":"","permalink":"http://bluerhino.github.io/2018/01/14/JAVA栈溢出/","excerpt":"Java栈溢出小记今天偶然有人问起如何在编写Java代码使其在运行时抛出栈溢出异常，看似简单的问题涉及到了Java虚拟机的知识，特记录于此文。","text":"Java栈溢出小记今天偶然有人问起如何在编写Java代码使其在运行时抛出栈溢出异常，看似简单的问题涉及到了Java虚拟机的知识，特记录于此文。 Java虚拟机结构简介根据《Java虚拟机规范》(The Java Virtual Machine Specification)对于Java虚拟机运行时数据区域(Run-Time Data Areas)的描述，虚拟机运行时的描述，其构成图如下所示:图中，PC寄存器、Java虚拟机栈及本地方法栈为各线程私有，方法区（包括运行时常量取）及堆为线程间共享的存储空间。针对问题提出的栈溢出，有两个区域与其相关，包括Java虚拟机栈及本地方法栈。查阅《Java虚拟机规范》，针对栈溢出有如下两段描述：对于Java虚拟机栈 The following exceptional conditions are associated with Java Virtual Machine stacks: If the computation in a thread requires a larger Java Virtual Machine stack than is permitted, the Java Virtual Machine throws a StackOverflowError. If Java Virtual Machine stacks can be dynamically expanded, and expansion is attempted but insufficient memory can be made available to effect the expansion, or if insufficient memory can be made available to create the initial Java Virtual Machine stack for a new thread, the Java Virtual Machine throws an OutOfMemoryError. 对于本地方法栈 The following exceptional conditions are associated with native method stacks: If the computation in a thread requires a larger native method stack than is permitted, the Java Virtual Machine throws a StackOverflowError. If native method stacks can be dynamically expanded and native method stack expansion is attempted but insufficient memory can be made available, or if insufficient memory can be made available to create the initial native method stack for a new thread, the Java Virtual Machine throws an OutOfMemoryError. 由此可见对于Java虚拟机栈与本地方法栈都定义了相似的两种溢出： 线程请求栈上分配内存时，内存不足：此溢出一般出现在线程递归调用方法时。在线程调用方法时虚拟机创建栈帧保存方法调用信息，在方法调用完成后销毁栈帧释放存储，如果在方法调用过程中无法创建栈帧则会报出StackOverflowError异常。 动态扩展栈或线程创建时无法分配足够内存：此溢出一般出现在创建新的线程时。创建新的线程，需要在栈上为其分配存储，如果此时栈上存储不足以分配则会报出OutOfMemoryError异常。 代码实现以下代码在Mac版JDK8中实现及运行，由于HotSpot实现中没有分Java虚拟机栈及本地方法栈[1]，故以下代码只针对Java虚拟机栈。Hotspot中设置栈容量的参数为-Xss，后续实验均设置-Xss1M，使用Junit4进行测试 分配栈帧失败（StackOverflowError）代码为：12345678910111213141516public class StackOverflow &#123; public void callMyself(int depth) &#123; System.out.println(depth); callMyself(++depth); &#125;&#125;public class StackOverflowTest &#123; @Test public void callMyself() throws Exception &#123; StackOverflow overflow = new StackOverflow(); overflow.callMyself(0); &#125;&#125; 最终会抛出java.lang.StackOverflowError，且最终能够达到的栈深度主要与栈内存最大大小与栈帧中局部变量占用的空间有关。使用如下代码最大深度会明显变小12345678public class StackOverflow &#123; public void callMyself(int depth) &#123; int a,b,c,d,e,f,g,h,i,j,k; System.out.println(depth+\"|\"); callMyself(++depth); &#125;&#125; 为线程分配栈上内存失败（OutOfMemoryError）代码为：1234567891011121314151617181920public class OutOfMemory &#123; public void createThread() &#123; while (true) &#123; Thread t = new Thread(() -&gt; &#123; while (true) &#123; System.out.println(System.currentTimeMillis()); &#125; &#125;); t.start(); &#125; &#125;&#125;public class OutOfMemoryTest &#123; @Test public void createThread() throws Exception &#123; OutOfMemory outOfMemory = new OutOfMemory(); outOfMemory.createThread(); &#125;&#125; 最终会抛出OutOfMemoryError。 针对于OutOfMemoryError的补充在HotSpot虚拟机实现中，对于Java线程的创建是映射到操作系统线程中的，如果无法创建操作系统线程也会抛出异常，具体为:java.lang.OutOfMemoryError: unable to create new native thread。通过实验在MacOS中，一般小于2048（多次测试为2023），因为默认Mac每个进程最多分配的线程数为2048。可使用sysctl kern.num_taskthreads命令进行查询。如果需要突破限制可以参考官方解决方案。在centOS中实验发现max_user_processes及stack size参数都会限制各进程的线程数量。 参考文献[1] 周志明.深入理解Java虚拟机[M].北京:机械工业出版社,53","categories":[{"name":"Java","slug":"Java","permalink":"http://bluerhino.github.io/categories/Java/"}],"tags":[{"name":"JAVA","slug":"JAVA","permalink":"http://bluerhino.github.io/tags/JAVA/"},{"name":"JVM","slug":"JVM","permalink":"http://bluerhino.github.io/tags/JVM/"},{"name":"JAVA虚拟机","slug":"JAVA虚拟机","permalink":"http://bluerhino.github.io/tags/JAVA虚拟机/"},{"name":"栈溢出","slug":"栈溢出","permalink":"http://bluerhino.github.io/tags/栈溢出/"}]},{"title":"感知机对偶形式学习","slug":"感知机对偶形式学习","date":"2017-12-21T14:01:56.000Z","updated":"2017-12-26T15:24:28.000Z","comments":true,"path":"2017/12/21/感知机对偶形式学习/","link":"","permalink":"http://bluerhino.github.io/2017/12/21/感知机对偶形式学习/","excerpt":"总结感知机及其对偶形式","text":"总结感知机及其对偶形式 问题背景实际应用中常出现二元分类问题，如引用台湾大学机器学习基石课程[1]的信用卡案例：如有用户申请信用卡，其个人信息如下： 特征 数据 年龄 23 性别 女 年收入 1，000，000 居住年限 1 工作年限 0.5 负债 200，000 银行具有原来的信用卡申请记录（包括申请用户信息及审批结果），如何根据原来的记录判断当前申请是否能够批准就是一个典型的二分问题。输入数据为个人信息，训练数据为历史申请及审批记录，输出数据为是否同意申请。假设银行根据申请用户的各项信息（特征）为用户打分，并且设定一个阈值，在用户得分超过该阈值则同意信用卡申请，否则拒绝申请。故假设用户具m个特征为$$x=({x_1,x_2,\\cdots,x_m})$$得分阈值为$d$。每个特征对于最终的用户得分有不同的重要程度，所以为每一个特征增加入不同的权值$w=({w_1,w_2,\\cdots,w_m})$，用户最终得分为$$w_1x_1+w_2x_2+ \\cdots +w_mx_m=\\sum_{i=1}^{m}w_ix_i$$最后只需要比较 $\\sum_{i=1}^{m}w_ix_i$与阈值$d$的大小就可以得出结果。观察上文公式，如何确定每一个信息的权值$w$及同意申请的阈值$d$就是解决问题的关键，由于具有历史数据，使用历史数据确定参数的想法就水到渠成。 问题抽象根据上文背景问题的提出，可进行抽象，银行n笔已知的数据可以抽象为训练数据集$$T={(x_1,y_1),(x_2,y_2),\\cdots,(x_n,y_n)}$$其中$x\\in\\chi ,\\chi\\subseteq R^m$，$y\\in\\mathcal{Y}={+1,-1}$。设上文求和公式及阈值之差为函数$$h(x)=\\sum_{i=1}^{m}w_ix_i-d$$为简化公式取$b=-d$，则公式变化为：$$h(x)=\\sum_{i=1}^{m}w_ix_i+b$$改写为向量形式为:$$h(x)=w\\cdot x+b$$当$h(x)&gt;0$时，发放信用卡，否则拒绝发放信用卡使用取符号的函数$sign$，得到函数$$f(x)=sign(w\\cdot x+b)$$此函数为感知机算法需要学习得到的最终函数。 感知机介绍感知机1957年由Rosenblatt提出，是支持向量机及神经网络基础算法。感知机主要通过训练数据集学习函数：$$f(x)=sign(w\\cdot x+b)$$中的模型参数$w$及$b$，其中$x\\in\\chi ,\\chi\\subseteq R^m,w\\in R^m,b\\in R$。感知机算法要求训练集是线性可分，当训练集线性可分时可以证明感知机算法可以通过有限次的搜索找到将训练集完全区分的超平面，否则感知机算法将不会收敛[2]。 未完待续 参考文献[1] 林轩田.机器学习基石[R].台湾:台湾大学.[2] 李航.统计学习方法[M].北京:清华大学出版社,2012:26-33.","categories":[{"name":"机器学习","slug":"机器学习","permalink":"http://bluerhino.github.io/categories/机器学习/"}],"tags":[{"name":"机器学习","slug":"机器学习","permalink":"http://bluerhino.github.io/tags/机器学习/"},{"name":"感知机","slug":"感知机","permalink":"http://bluerhino.github.io/tags/感知机/"},{"name":"统计学习方法","slug":"统计学习方法","permalink":"http://bluerhino.github.io/tags/统计学习方法/"},{"name":"李航","slug":"李航","permalink":"http://bluerhino.github.io/tags/李航/"}]},{"title":"java.util.concurrent.locks.Lock详解","slug":"java-util-concurrent-locks-Lock详解","date":"2017-10-23T11:39:22.000Z","updated":"2018-03-13T13:42:17.000Z","comments":true,"path":"2017/10/23/java-util-concurrent-locks-Lock详解/","link":"","permalink":"http://bluerhino.github.io/2017/10/23/java-util-concurrent-locks-Lock详解/","excerpt":"简介java.util.concurrent.locks.Lock接口（以下简称Lock）作者Doug Lea，对比使用synchronized关键字进行并发控制，Lock接口的实现类可以完成更灵活的加锁操作。本文以下会详细介绍Lock接口相关功能，并对比Lock接口及synchronized关键字在功能上（非性能对比）的异同。","text":"简介java.util.concurrent.locks.Lock接口（以下简称Lock）作者Doug Lea，对比使用synchronized关键字进行并发控制，Lock接口的实现类可以完成更灵活的加锁操作。本文以下会详细介绍Lock接口相关功能，并对比Lock接口及synchronized关键字在功能上（非性能对比）的异同。 Lock接口相关功能介绍如图所示，Lock接口定义6个方法: lock:尝试获取锁，如当前线程无法获取锁，则当前线程进入无法调度的休眠状态，直到获取锁。 lockInterruptibly: 与 lock相似，主要区别在于调用该方法后，如无法获取锁，则当前线程进入无法调度的休眠状态，直到出现以下两种情况: . 获取锁； . 当前线程被其他线程中断。 tryLock: 尝试获取锁，但与lock不同，不会阻塞线程调用后立刻返回，能够获取锁返回true，否则返回false tryLock(long,TimeUnit): 尝试获取锁，可传入超时参数，在以下3种情况下返回： 在等待时间内获取锁； 在等待时间被其他线程中断，抛出中断异常； 等待时间结束，返回false unlock:释放锁 newCondition:创建一个Condition对象，此对象另开专题讨论。 Lock接口及synchronized关键字对比synchronized作为Java语言的并发控制关键字，在多线程编程中十分常用，主要有三种使用方式： 修饰对象方法； 修饰静态方法； 修饰同步方法快。 使用synchronized关键字可以完成对访问共享资源的代码块的显示加锁和隐式释放锁。在代码离开synchronized关键字修饰的区域后，synchronized自动释放锁定，其优势主要为： JVM内置锁结构，使用简单； 不需要手动释放，不会出现程序员忘记释放的认为失误； 可以受到JVM厂商的底层优化。其主要缺点为： 性能一般低于Lock接口的实现类（随着优化的进行，这个性能差距正在极大的缩小）； 灵活性不足，对于较为复杂的加锁操作无法进行支持。 Lock接口将加锁及解锁操作控制权都交给程序员，这增加了锁的灵活性却也增加了出现逻辑问题的可能性。由此可见，在由于当前synchronized关键字不断得到JVM优化，在仅仅需求简单同步操作时可以优先考虑synchronized关键字，在有灵活加锁操作的需求时再考虑使用Lock接口的各实现类，并且需要谨慎使用，尤其不能忘记锁的释放。 总结本文主要介绍了Lock接口的各方法含义，并且简单对比了Lock及synchronized关键字的异同。后续计划继续对于synchronized关键字的实现的研究，及Lock接口各典型实现的研究。","categories":[{"name":"Java","slug":"Java","permalink":"http://bluerhino.github.io/categories/Java/"}],"tags":[{"name":"Java","slug":"Java","permalink":"http://bluerhino.github.io/tags/Java/"},{"name":"并发","slug":"并发","permalink":"http://bluerhino.github.io/tags/并发/"}]},{"title":"CopyOnWriteArrayList学习总结","slug":"CopyOnWriteArrayList学习总结","date":"2017-10-17T12:28:00.000Z","updated":"2017-12-23T03:09:30.000Z","comments":true,"path":"2017/10/17/CopyOnWriteArrayList学习总结/","link":"","permalink":"http://bluerhino.github.io/2017/10/17/CopyOnWriteArrayList学习总结/","excerpt":"简介CopyOnWriteArrayList类位于java.util.concurrent包，JDK1.5引入，作者为Doug Lea。CopyOnWriteArrayList是一个线程安全的List，使用“写时复制”的思想在进行所有写入操作（增加、删除等）是都会进行内部存储元素数组的复制。","text":"简介CopyOnWriteArrayList类位于java.util.concurrent包，JDK1.5引入，作者为Doug Lea。CopyOnWriteArrayList是一个线程安全的List，使用“写时复制”的思想在进行所有写入操作（增加、删除等）是都会进行内部存储元素数组的复制。 代码分析写时过程由于采用写时复制的策略，其主要作用过程在于对存储数据进行修改时。以add函数为例。一下为JDK8中实现源码：1234567891011121314public boolean add(E e) &#123; final ReentrantLock lock = this.lock; lock.lock(); try &#123; Object[] elements = getArray(); int len = elements.length; Object[] newElements = Arrays.copyOf(elements, len + 1); newElements[len] = e; setArray(newElements); return true; &#125; finally &#123; lock.unlock(); &#125;&#125; 进入函数首先获取ReentrantLock重入锁； 获取当前对象中实际存储数据的Objecte数组； 复制当前数组并且将数组长度扩展1； 将新数据插入当前数组的最后一位； 将指向原数组的变量置为指向新数组，释放锁，完成工作。 对比ArrayList增加元素代码：12345public boolean add(E e) &#123; ensureCapacityInternal(size + 1); // Increments modCount!! elementData[size++] = e; return true; &#125; 通过查看代码可知，ArrayList在写入时是没有加锁的，所以多线程情况下使用并不安全，需要程序员手动进行并发控制。引用源码中说明为： Note that this implementation is not synchronized. If multiple threads access an ArrayList instance concurrently, and at least one of the threads modifies the list structurally, it must be synchronized externally. (A structural modification is any operation that adds or deletes one or more elements, or explicitly resizes the backing array; merely setting the value of an element is not a structural modification.) This is typically accomplished by synchronizing on some object that naturally encapsulates the list. If no such object exists, the list should be “wrapped” using the Collections.synchronizedList method. This is best done at creation time, to prevent accidental unsynchronized access to the list:List list = Collections.synchronizedList(new ArrayList(…)); 验证ArrayList线程不安全可使用以下代码12345678910111213141516171819202122232425262728293031323334public class Main &#123; static class AddThread implements Runnable &#123; private List&lt;String&gt; list; private CountDownLatch countDownLatch; public AddThread(List&lt;String&gt; list, CountDownLatch countDownLatch) &#123; this.list = list; this.countDownLatch = countDownLatch; &#125; @Override public void run() &#123; try &#123; countDownLatch.await(); &#125; catch (InterruptedException e) &#123; e.printStackTrace(); &#125; System.out.println(Thread.currentThread().getName()); for(int i=0;i&lt;500;i++)&#123; list.add(\"1\"); &#125; &#125; &#125; public static void main(String[] args) &#123; CountDownLatch countDownLatch = new CountDownLatch(1); List&lt;String&gt; list = new ArrayList&lt;&gt;(); for (int i = 0; i &lt; 200; i++) &#123; new Thread(new AddThread(list, countDownLatch)).start(); &#125; countDownLatch.countDown(); &#125;&#125; 运行过程中大概率会出现Java.lang.ArrayIndexOutOfBoundsException错误 优点使用CopyOnWriteArrayList可以不用进行手动同步控制，并且由于使用了读写分离的措施，在进行写入时可以同时进行数据的读取，并且数据读取过程中不需要加锁。 缺点根据其实现代码，CopyOnWriteArrayList的缺点同样明显。首先、其每次写入都需要进行数组的复制，所以对于写入操作非常消耗系统资源，尤其是内存资源，这种情况在处理存储较多数据的List时尤其明显。对于gc也造成了较大压力。其次，由于其在读取时不需要获取锁，造成如写入数据同时进行读取可能造成读取到的数据为旧数组中的数据，可能造成数据的不一致。 使用场景由此可见，CopyOnWriteArrayList比较适合用在大量读取小量写入的场景，并且要求系统对于数据的不一致宽容度较高。针对写时复制的策略，在必须要进行写入时尽量将多次写入合并为一次写入，减少数组复制次数。","categories":[{"name":"Java","slug":"Java","permalink":"http://bluerhino.github.io/categories/Java/"}],"tags":[{"name":"Java","slug":"Java","permalink":"http://bluerhino.github.io/tags/Java/"},{"name":"同步","slug":"同步","permalink":"http://bluerhino.github.io/tags/同步/"}]},{"title":"Spring @Autowired+@Qualifier与@Resource的区别","slug":"Spring @Autowired+@Qualifier与@Resource的区别","date":"2016-06-02T13:37:17.000Z","updated":"2017-12-23T03:04:58.000Z","comments":true,"path":"2016/06/02/Spring @Autowired+@Qualifier与@Resource的区别/","link":"","permalink":"http://bluerhino.github.io/2016/06/02/Spring @Autowired+@Qualifier与@Resource的区别/","excerpt":"最近由于希望使用Spring在XML文件中定义List的bean，并使用@Autowired进行注入到对象中使用，遇到到一些坑，记录一下作为备忘。","text":"最近由于希望使用Spring在XML文件中定义List的bean，并使用@Autowired进行注入到对象中使用，遇到到一些坑，记录一下作为备忘。 @Autowired@Autowired是Spring定义的注解，是根据类型进行自动装配的。如果当spring上下文中存在不止一个存在一个需要装配类型的bean时，就会抛出BeanCreationException异常;这时我们可以使用@Qualifier配合@Autowired来解决问题。 @Resource@Resource是JSR-250规定的注解，主要有两种类型的属性type及name，所以如果使用name属性，则使用byName的自动注入策略，而使用type属性时则使用byType自动注入策略如果既不指定name也不指定type属性，这时将通过反射机制使用byName自动注入策略 。@Resource装配顺序: 如果同时指定了name和type，则从Spring上下文中找到唯一匹配的bean进行装配，找不到则抛出异常 如果指定了name，则从上下文中查找名称（id）匹配的bean进行装配，找不到则抛出异常 如果指定了type，则从上下文中找到类型匹配的唯一bean进行装配，找不到或者找到多个，都会抛出异常 如果既没有指定name，又没有指定type，则自动按照byName方式进行装配；如果没有匹配，则回退为一个原始类型进行匹配，如果匹配则自动装配； 使用区别使用Spring注入List的时候在XML中定义: 1234&lt;util:list id=\"myList\"&gt; &lt;value&gt;10.1.200.104&lt;/value&gt; &lt;value&gt;10.1.200.205&lt;/value&gt;&lt;/util:list&gt; 之后使用注解注入，代码1为： 12345@Componentpublic class App &#123; @Autowired List list;&#125; 注入失败。修改，代码2为： 12345@Componentpublic class App &#123; @Autowired ArrayList&lt;String&gt; strings;&#125; 注入仍然失败。修改，代码3为： 123456@Componentpublic class App &#123; @Autowired @Qualifier('myList') ArrayList&lt;String&gt; strings;&#125; 仍然失败。主要原因在于，使用Autowired注入，Spring默认使用按类型方式注入，而对于List集合类型Spring会读取其中的泛型类型进行注入，上面代码2的含义为注入当前bean中类型为String的对象，代码3的含义为注入当前bean中类型为String且qualifier是myList的对象。这两种含义都不能完成正确的注入。 正确使用使用@Resource注入,引用stackoverflow上的解答使用正确方式为： 1234567@Componentpublic class App &#123; @Resource(name = \"myList\") ArrayList&lt;Object&gt; list;&#125; 或者 1234567@Componentpublic class App &#123; @Resource(name = \"myList\") List&lt;Object&gt; list;&#125; 因为Resource设置了name属性，Spring直接寻找id为myList的对象进行注入，可以注入成功。","categories":[{"name":"Java","slug":"Java","permalink":"http://bluerhino.github.io/categories/Java/"}],"tags":[{"name":"Spring","slug":"Spring","permalink":"http://bluerhino.github.io/tags/Spring/"},{"name":"@Autowired","slug":"Autowired","permalink":"http://bluerhino.github.io/tags/Autowired/"},{"name":"@Qualifier","slug":"Qualifier","permalink":"http://bluerhino.github.io/tags/Qualifier/"},{"name":"@Resource List","slug":"Resource-List","permalink":"http://bluerhino.github.io/tags/Resource-List/"}]}]}